{
    "epoch": 8.0,
    "loss": 1096.4654541015625,
    "mae": 701.0634765625
}