{
    "epoch": 5.0,
    "loss": 1186.5361328125,
    "mae": 716.6093139648438
}